,AR_Trans Source_04A-Dir,Invoice,30 Net,2014/03/17,2014/03/17,,1005,1033,,,,,1005,1033,,,,,,,,,,,LINE,Sentinal Desktop,USD,User,2014/03/17,1.00,1000.00,1.00,,1000.00,,LEGACY ORDER ENTRY,52519,SIEBEL,100000019653855,Order Line 1,,,,,,,,,,,,,VAT20,,,52519,2012/06/28,2012/06/28,,Ea,,,,,,,,,,,,,,,,US,,,,,,,,,,,,,,,,,,,,,,,,,,,,,,,,,,,,,,,,,,,,,,,,,,,,,,,,,,,,,,,,,,,,,,,,,,,,,,,,,,,,,,,,,,,,,,,,,,,,,,,,,,,,,,,,,,,,,,,,,,,,,,,,,,,,,,,,,,,,,,,,,,,,,,,,,,,,,,,,,,,,,,,,,,,,,,,,,,,,,,,,,,,,,,,,,,,,,,,,,,,,,,,,,,Vision Operations,,,,,,,,,,,,,,,,,,,,,,,,,,,,,,,,,,,,,,,,,,,,,,END
,AR_Trans Source_04A-Dir,Invoice,30 Net,2014/03/17,2014/03/17,,1005,1033,,,,,1005,1033,,,,,,,,,,,LINE,Sentinal Desktop Monitor,USD,User,2014/03/17,1.00,250.00,1.00,,250.00,,LEGACY ORDER ENTRY,52519,SIEBEL,100000019653855,Order Line 2,,,,,,,,,,,,,VAT20,,,52519,2012/06/28,2012/06/28,,Ea,,,,,,,,,,,,,,,,US,,,,,,,,,,,,,,,,,,,,,,,,,,,,,,,,,,,,,,,,,,,,,,,,,,,,,,,,,,,,,,,,,,,,,,,,,,,,,,,,,,,,,,,,,,,,,,,,,,,,,,,,,,,,,,,,,,,,,,,,,,,,,,,,,,,,,,,,,,,,,,,,,,,,,,,,,,,,,,,,,,,,,,,,,,,,,,,,,,,,,,,,,,,,,,,,,,,,,,,,,,,,,,,,,,Vision Operations,,,,,,,,,,,,,,,,,,,,,,,,,,,,,,,,,,,,,,,,,,,,,,END
,AR_Trans Source_04A-Dir,Invoice,30 Net,2014/03/17,2014/03/17,,1005,1033,,,,,1005,1033,,,,,,,,,,,LINE,Sentinal Keyboard,USD,User,2014/03/17,1.00,50.00,1.00,,50.00,,LEGACY ORDER ENTRY,52519,SIEBEL,100000019653855,Order Line 3,,,,,,,,,,,,,VAT20,,,52519,2012/06/28,2012/06/28,,Ea,,,,,,,,,,,,,,,,US,,,,,,,,,,,,,,,,,,,,,,,,,,,,,,,,,,,,,,,,,,,,,,,,,,,,,,,,,,,,,,,,,,,,,,,,,,,,,,,,,,,,,,,,,,,,,,,,,,,,,,,,,,,,,,,,,,,,,,,,,,,,,,,,,,,,,,,,,,,,,,,,,,,,,,,,,,,,,,,,,,,,,,,,,,,,,,,,,,,,,,,,,,,,,,,,,,,,,,,,,,,,,,,,,,Vision Operations,,,,,,,,,,,,,,,,,,,,,,,,,,,,,,,,,,,,,,,,,,,,,,END
,AR_Trans Source_04A-Dir,Invoice,30 Net,2014/03/17,2014/03/17,,1005,1033,,,,,1005,1033,,,,,,,,,,,LINE,Sentinal Mouse,USD,User,2014/03/17,1.00,15.00,1.00,,15.00,,LEGACY ORDER ENTRY,52519,SIEBEL,100000019653855,Order Line 4,,,,,,,,,,,,,VAT20,,,52519,2012/06/28,2012/06/28,,Ea,,,,,,,,,,,,,,,,US,,,,,,,,,,,,,,,,,,,,,,,,,,,,,,,,,,,,,,,,,,,,,,,,,,,,,,,,,,,,,,,,,,,,,,,,,,,,,,,,,,,,,,,,,,,,,,,,,,,,,,,,,,,,,,,,,,,,,,,,,,,,,,,,,,,,,,,,,,,,,,,,,,,,,,,,,,,,,,,,,,,,,,,,,,,,,,,,,,,,,,,,,,,,,,,,,,,,,,,,,,,,,,,,,,Vision Operations,,,,,,,,,,,,,,,,,,,,,,,,,,,,,,,,,,,,,,,,,,,,,,END
,AR_Trans Source_04A-Dir,Invoice,30 Net,2014/03/17,2014/03/17,,1005,1033,,,,,1005,1033,,,,,,,,,,,LINE,Sentinal Speakers,USD,User,2014/03/17,1.00,35.00,1.00,,35.00,,LEGACY ORDER ENTRY,52519,SIEBEL,100000019653855,Order Line 5,,,,,,,,,,,,,VAT20,,,52519,2012/06/28,2012/06/28,,Ea,,,,,,,,,,,,,,,,US,,,,,,,,,,,,,,,,,,,,,,,,,,,,,,,,,,,,,,,,,,,,,,,,,,,,,,,,,,,,,,,,,,,,,,,,,,,,,,,,,,,,,,,,,,,,,,,,,,,,,,,,,,,,,,,,,,,,,,,,,,,,,,,,,,,,,,,,,,,,,,,,,,,,,,,,,,,,,,,,,,,,,,,,,,,,,,,,,,,,,,,,,,,,,,,,,,,,,,,,,,,,,,,,,,Vision Operations,,,,,,,,,,,,,,,,,,,,,,,,,,,,,,,,,,,,,,,,,,,,,,END
,AR_Trans Source_04A-Dir,Invoice,30 Net,2014/03/17,2014/03/17,,1005,1033,,,,,1005,1033,,,,,,,,,,,LINE,Sentinal Docking station,USD,User,2014/03/17,1.00,75.00,1.00,,75.00,,LEGACY ORDER ENTRY,52519,SIEBEL,100000019653855,Order Line 6,,,,,,,,,,,,,VAT20,,,52519,2012/06/28,2012/06/28,,Ea,,,,,,,,,,,,,,,,US,,,,,,,,,,,,,,,,,,,,,,,,,,,,,,,,,,,,,,,,,,,,,,,,,,,,,,,,,,,,,,,,,,,,,,,,,,,,,,,,,,,,,,,,,,,,,,,,,,,,,,,,,,,,,,,,,,,,,,,,,,,,,,,,,,,,,,,,,,,,,,,,,,,,,,,,,,,,,,,,,,,,,,,,,,,,,,,,,,,,,,,,,,,,,,,,,,,,,,,,,,,,,,,,,,Vision Operations,,,,,,,,,,,,,,,,,,,,,,,,,,,,,,,,,,,,,,,,,,,,,,END
,AR_Trans Source_04A-Dir,Invoice,30 Net,2014/03/17,2014/03/17,,1005,1033,,,,,1005,1033,,,,,,,,,,,LINE,Office Supplies - Student Desk,USD,User,2014/03/17,1.00,45.00,1.00,,45.00,,LEGACY ORDER ENTRY,52519,SIEBEL,100000019653855,Order Line 7,,,,,,,,,,,,,VAT20,,,52519,2012/06/28,2012/06/28,,Ea,,,,,,,,,,,,,,,,US,,,,,,,,,,,,,,,,,,,,,,,,,,,,,,,,,,,,,,,,,,,,,,,,,,,,,,,,,,,,,,,,,,,,,,,,,,,,,,,,,,,,,,,,,,,,,,,,,,,,,,,,,,,,,,,,,,,,,,,,,,,,,,,,,,,,,,,,,,,,,,,,,,,,,,,,,,,,,,,,,,,,,,,,,,,,,,,,,,,,,,,,,,,,,,,,,,,,,,,,,,,,,,,,,,Vision Operations,,,,,,,,,,,,,,,,,,,,,,,,,,,,,,,,,,,,,,,,,,,,,,END
,AR_Trans Source_04A-Dir,Invoice,30 Net,2014/03/17,2014/03/17,,1005,1033,,,,,1005,1033,,,,,,,,,,,LINE,Office Supplies - Desk Lamp,USD,User,2014/03/17,1.00,92.00,2.00,,46.00,,LEGACY ORDER ENTRY,52519,SIEBEL,100000019653855,Order Line 8,,,,,,,,,,,,,VAT20,,,52519,2012/06/28,2012/06/28,,Ea,,,,,,,,,,,,,,,,US,,,,,,,,,,,,,,,,,,,,,,,,,,,,,,,,,,,,,,,,,,,,,,,,,,,,,,,,,,,,,,,,,,,,,,,,,,,,,,,,,,,,,,,,,,,,,,,,,,,,,,,,,,,,,,,,,,,,,,,,,,,,,,,,,,,,,,,,,,,,,,,,,,,,,,,,,,,,,,,,,,,,,,,,,,,,,,,,,,,,,,,,,,,,,,,,,,,,,,,,,,,,,,,,,,Vision Operations,,,,,,,,,,,,,,,,,,,,,,,,,,,,,,,,,,,,,,,,,,,,,,END
,AR_Trans Source_04A-Dir,Invoice,30 Net,2014/03/17,2014/03/17,,1005,1033,,,,,1005,1033,,,,,,,,,,,LINE,Office Supplies - Office chair,USD,User,2014/03/17,1.00,95.00,1.00,,95.00,,LEGACY ORDER ENTRY,52519,SIEBEL,100000019653855,Order Line 9,,,,,,,,,,,,,VAT20,,,52519,2012/06/28,2012/06/28,,Ea,,,,,,,,,,,,,,,,US,,,,,,,,,,,,,,,,,,,,,,,,,,,,,,,,,,,,,,,,,,,,,,,,,,,,,,,,,,,,,,,,,,,,,,,,,,,,,,,,,,,,,,,,,,,,,,,,,,,,,,,,,,,,,,,,,,,,,,,,,,,,,,,,,,,,,,,,,,,,,,,,,,,,,,,,,,,,,,,,,,,,,,,,,,,,,,,,,,,,,,,,,,,,,,,,,,,,,,,,,,,,,,,,,,Vision Operations,,,,,,,,,,,,,,,,,,,,,,,,,,,,,,,,,,,,,,,,,,,,,,END
,AR_Trans Source_04A-Dir,Invoice,30 Net,2014/03/17,2014/03/17,,1005,1033,,,,,1005,1033,,,,,,,,,,,LINE,Office Supplies - notebook ,USD,User,2014/03/17,1.00,44.00,1.00,,44.00,,LEGACY ORDER ENTRY,52519,SIEBEL,100000019653855,Order Line 10,,,,,,,,,,,,,VAT20,,,52519,2012/06/28,2012/06/28,,Ea,,,,,,,,,,,,,,,,US,,,,,,,,,,,,,,,,,,,,,,,,,,,,,,,,,,,,,,,,,,,,,,,,,,,,,,,,,,,,,,,,,,,,,,,,,,,,,,,,,,,,,,,,,,,,,,,,,,,,,,,,,,,,,,,,,,,,,,,,,,,,,,,,,,,,,,,,,,,,,,,,,,,,,,,,,,,,,,,,,,,,,,,,,,,,,,,,,,,,,,,,,,,,,,,,,,,,,,,,,,,,,,,,,,Vision Operations,,,,,,,,,,,,,,,,,,,,,,,,,,,,,,,,,,,,,,,,,,,,,,END
,AR_Trans Source_04A-Dir,Invoice,30 Net,2014/03/17,2014/03/17,,1005,1033,,,,,1005,1033,,,,,,,,,,,LINE,Office Supplies - Router,USD,User,2014/03/17,1.00,222.00,1.00,,222.00,,LEGACY ORDER ENTRY,52519,SIEBEL,100000019653855,Order Line 11,,,,,,,,,,,,,VAT20,,,52519,2012/06/28,2012/06/28,,Ea,,,,,,,,,,,,,,,,US,,,,,,,,,,,,,,,,,,,,,,,,,,,,,,,,,,,,,,,,,,,,,,,,,,,,,,,,,,,,,,,,,,,,,,,,,,,,,,,,,,,,,,,,,,,,,,,,,,,,,,,,,,,,,,,,,,,,,,,,,,,,,,,,,,,,,,,,,,,,,,,,,,,,,,,,,,,,,,,,,,,,,,,,,,,,,,,,,,,,,,,,,,,,,,,,,,,,,,,,,,,,,,,,,,Vision Operations,,,,,,,,,,,,,,,,,,,,,,,,,,,,,,,,,,,,,,,,,,,,,,END
,AR_Trans Source_04A-Dir,Invoice,30 Net,2014/03/17,2014/03/17,,1005,1033,,,,,1005,1033,,,,,,,,,,,LINE,Office Supplies Floor Lamps,USD,User,2014/03/17,1.00,121.00,1.00,,121.00,,LEGACY ORDER ENTRY,52519,SIEBEL,100000019653855,Order Line 12,,,,,,,,,,,,,VAT20,,,52519,2012/06/28,2012/06/28,,Ea,,,,,,,,,,,,,,,,US,,,,,,,,,,,,,,,,,,,,,,,,,,,,,,,,,,,,,,,,,,,,,,,,,,,,,,,,,,,,,,,,,,,,,,,,,,,,,,,,,,,,,,,,,,,,,,,,,,,,,,,,,,,,,,,,,,,,,,,,,,,,,,,,,,,,,,,,,,,,,,,,,,,,,,,,,,,,,,,,,,,,,,,,,,,,,,,,,,,,,,,,,,,,,,,,,,,,,,,,,,,,,,,,,,Vision Operations,,,,,,,,,,,,,,,,,,,,,,,,,,,,,,,,,,,,,,,,,,,,,,END
,AR_Trans Source_04A-Dir,Invoice,30 Net,2014/03/17,2014/03/17,,1005,1033,,,,,1005,1033,,,,,,,,,,,LINE,Office Supplies - Box of hanging folders,USD,User,2014/03/17,1.00,180.00,1.00,,180.00,,LEGACY ORDER ENTRY,52519,SIEBEL,100000019653855,Order Line 13,,,,,,,,,,,,,VAT20,,,52519,2012/06/28,2012/06/28,,Ea,,,,,,,,,,,,,,,,US,,,,,,,,,,,,,,,,,,,,,,,,,,,,,,,,,,,,,,,,,,,,,,,,,,,,,,,,,,,,,,,,,,,,,,,,,,,,,,,,,,,,,,,,,,,,,,,,,,,,,,,,,,,,,,,,,,,,,,,,,,,,,,,,,,,,,,,,,,,,,,,,,,,,,,,,,,,,,,,,,,,,,,,,,,,,,,,,,,,,,,,,,,,,,,,,,,,,,,,,,,,,,,,,,,Vision Operations,,,,,,,,,,,,,,,,,,,,,,,,,,,,,,,,,,,,,,,,,,,,,,END
,AR_Trans Source_04A-Dir,Invoice,30 Net,2014/03/17,2014/03/17,,1005,1033,,,,,1005,1033,,,,,,,,,,,LINE,Misc Office Supplies,USD,User,2014/03/17,1.00,380.00,1.00,,380.00,,LEGACY ORDER ENTRY,52519,SIEBEL,100000019653855,Order Line 14,,,,,,,,,,,,,VAT20,,,52519,2012/06/28,2012/06/28,,Ea,,,,,,,,,,,,,,,,US,,,,,,,,,,,,,,,,,,,,,,,,,,,,,,,,,,,,,,,,,,,,,,,,,,,,,,,,,,,,,,,,,,,,,,,,,,,,,,,,,,,,,,,,,,,,,,,,,,,,,,,,,,,,,,,,,,,,,,,,,,,,,,,,,,,,,,,,,,,,,,,,,,,,,,,,,,,,,,,,,,,,,,,,,,,,,,,,,,,,,,,,,,,,,,,,,,,,,,,,,,,,,,,,,,Vision Operations,,,,,,,,,,,,,,,,,,,,,,,,,,,,,,,,,,,,,,,,,,,,,,END
,AR_Trans Source_04A-Dir,Invoice,30 Net,2014/03/17,2014/03/17,,1005,1033,,,,,1005,1033,,,,,,,,,,,LINE,Misc Office Supplies,USD,User,2014/03/17,1.00,42.00,1.00,,42.00,,LEGACY ORDER ENTRY,52519,SIEBEL,100000019653855,Order Line 15,,,,,,,,,,,,,VAT20,,,52519,2012/06/28,2012/06/28,,Ea,,,,,,,,,,,,,,,,US,,,,,,,,,,,,,,,,,,,,,,,,,,,,,,,,,,,,,,,,,,,,,,,,,,,,,,,,,,,,,,,,,,,,,,,,,,,,,,,,,,,,,,,,,,,,,,,,,,,,,,,,,,,,,,,,,,,,,,,,,,,,,,,,,,,,,,,,,,,,,,,,,,,,,,,,,,,,,,,,,,,,,,,,,,,,,,,,,,,,,,,,,,,,,,,,,,,,,,,,,,,,,,,,,,Vision Operations,,,,,,,,,,,,,,,,,,,,,,,,,,,,,,,,,,,,,,,,,,,,,,END
,AR_Trans Source_04A-Dir,Invoice,30 Net,2014/03/17,2014/03/17,,1005,1033,,,,,1005,1033,,,,,,,,,,,LINE,Misc Office Supplies,USD,User,2014/03/17,1.00,34.00,1.00,,34.00,,LEGACY ORDER ENTRY,52519,SIEBEL,100000019653855,Order Line 16,,,,,,,,,,,,,VAT20,,,52519,2012/06/28,2012/06/28,,Ea,,,,,,,,,,,,,,,,US,,,,,,,,,,,,,,,,,,,,,,,,,,,,,,,,,,,,,,,,,,,,,,,,,,,,,,,,,,,,,,,,,,,,,,,,,,,,,,,,,,,,,,,,,,,,,,,,,,,,,,,,,,,,,,,,,,,,,,,,,,,,,,,,,,,,,,,,,,,,,,,,,,,,,,,,,,,,,,,,,,,,,,,,,,,,,,,,,,,,,,,,,,,,,,,,,,,,,,,,,,,,,,,,,,Vision Operations,,,,,,,,,,,,,,,,,,,,,,,,,,,,,,,,,,,,,,,,,,,,,,END
,AR_Trans Source_04A-Dir,Invoice,30 Net,2014/03/17,2014/03/17,,1005,1033,,,,,1005,1033,,,,,,,,,,,LINE,Misc Office Supplies,USD,User,2014/03/17,1.00,75.00,1.00,,75.00,,LEGACY ORDER ENTRY,52519,SIEBEL,100000019653855,Order Line 17,,,,,,,,,,,,,VAT20,,,52519,2012/06/28,2012/06/28,,Ea,,,,,,,,,,,,,,,,US,,,,,,,,,,,,,,,,,,,,,,,,,,,,,,,,,,,,,,,,,,,,,,,,,,,,,,,,,,,,,,,,,,,,,,,,,,,,,,,,,,,,,,,,,,,,,,,,,,,,,,,,,,,,,,,,,,,,,,,,,,,,,,,,,,,,,,,,,,,,,,,,,,,,,,,,,,,,,,,,,,,,,,,,,,,,,,,,,,,,,,,,,,,,,,,,,,,,,,,,,,,,,,,,,,Vision Operations,,,,,,,,,,,,,,,,,,,,,,,,,,,,,,,,,,,,,,,,,,,,,,END
,AR_Trans Source_04A-Dir,Invoice,30 Net,2014/03/17,2014/03/17,,1005,1033,,,,,1005,1033,,,,,,,,,,,LINE,Misc Office Supplies,USD,User,2014/03/17,1.00,390.00,1.00,,390.00,,LEGACY ORDER ENTRY,52519,SIEBEL,100000019653855,Order Line 18,,,,,,,,,,,,,VAT20,,,52519,2012/06/28,2012/06/28,,Ea,,,,,,,,,,,,,,,,US,,,,,,,,,,,,,,,,,,,,,,,,,,,,,,,,,,,,,,,,,,,,,,,,,,,,,,,,,,,,,,,,,,,,,,,,,,,,,,,,,,,,,,,,,,,,,,,,,,,,,,,,,,,,,,,,,,,,,,,,,,,,,,,,,,,,,,,,,,,,,,,,,,,,,,,,,,,,,,,,,,,,,,,,,,,,,,,,,,,,,,,,,,,,,,,,,,,,,,,,,,,,,,,,,,Vision Operations,,,,,,,,,,,,,,,,,,,,,,,,,,,,,,,,,,,,,,,,,,,,,,END
,AR_Trans Source_04A-Dir,Invoice,30 Net,2014/03/17,2014/03/17,,1005,1033,,,,,1005,1033,,,,,,,,,,,LINE,Misc Office Supplies,USD,User,2014/03/17,1.00,56.00,1.00,,56.00,,LEGACY ORDER ENTRY,52519,SIEBEL,100000019653855,Order Line 19,,,,,,,,,,,,,VAT20,,,52519,2012/06/28,2012/06/28,,Ea,,,,,,,,,,,,,,,,US,,,,,,,,,,,,,,,,,,,,,,,,,,,,,,,,,,,,,,,,,,,,,,,,,,,,,,,,,,,,,,,,,,,,,,,,,,,,,,,,,,,,,,,,,,,,,,,,,,,,,,,,,,,,,,,,,,,,,,,,,,,,,,,,,,,,,,,,,,,,,,,,,,,,,,,,,,,,,,,,,,,,,,,,,,,,,,,,,,,,,,,,,,,,,,,,,,,,,,,,,,,,,,,,,,Vision Operations,,,,,,,,,,,,,,,,,,,,,,,,,,,,,,,,,,,,,,,,,,,,,,END
,AR_Trans Source_04A-Dir,Invoice,30 Net,2014/03/17,2014/03/17,,1005,1033,,,,,1005,1033,,,,,,,,,,,LINE,Misc Office Supplies,USD,User,2014/03/17,1.00,30.00,1.00,,30.00,,LEGACY ORDER ENTRY,52519,SIEBEL,100000019653855,Order Line 20,,,,,,,,,,,,,VAT20,,,52519,2012/06/28,2012/06/28,,Ea,,,,,,,,,,,,,,,,US,,,,,,,,,,,,,,,,,,,,,,,,,,,,,,,,,,,,,,,,,,,,,,,,,,,,,,,,,,,,,,,,,,,,,,,,,,,,,,,,,,,,,,,,,,,,,,,,,,,,,,,,,,,,,,,,,,,,,,,,,,,,,,,,,,,,,,,,,,,,,,,,,,,,,,,,,,,,,,,,,,,,,,,,,,,,,,,,,,,,,,,,,,,,,,,,,,,,,,,,,,,,,,,,,,Vision Operations,,,,,,,,,,,,,,,,,,,,,,,,,,,,,,,,,,,,,,,,,,,,,,END
,AR_Trans Source_04A-Dir,Invoice,30 Net,2014/03/17,2014/03/17,,1005,1033,,,,,1005,1033,,,,,,,,,,,LINE,Misc Office Supplies,USD,User,2014/03/17,1.00,15.00,1.00,,15.00,,LEGACY ORDER ENTRY,52519,SIEBEL,100000019653855,Order Line 21,,,,,,,,,,,,,VAT20,,,52519,2012/06/28,2012/06/28,,Ea,,,,,,,,,,,,,,,,US,,,,,,,,,,,,,,,,,,,,,,,,,,,,,,,,,,,,,,,,,,,,,,,,,,,,,,,,,,,,,,,,,,,,,,,,,,,,,,,,,,,,,,,,,,,,,,,,,,,,,,,,,,,,,,,,,,,,,,,,,,,,,,,,,,,,,,,,,,,,,,,,,,,,,,,,,,,,,,,,,,,,,,,,,,,,,,,,,,,,,,,,,,,,,,,,,,,,,,,,,,,,,,,,,,Vision Operations,,,,,,,,,,,,,,,,,,,,,,,,,,,,,,,,,,,,,,,,,,,,,,END
,AR_Trans Source_04A-Dir,Invoice,30 Net,2014/03/17,2014/03/17,,1005,1033,,,,,1005,1033,,,,,,,,,,,LINE,Misc Office Supplies,USD,User,2014/03/17,1.00,7.50,1.00,,7.50,,LEGACY ORDER ENTRY,52519,SIEBEL,100000019653855,Order Line 22,,,,,,,,,,,,,VAT20,,,52519,2012/06/28,2012/06/28,,Ea,,,,,,,,,,,,,,,,US,,,,,,,,,,,,,,,,,,,,,,,,,,,,,,,,,,,,,,,,,,,,,,,,,,,,,,,,,,,,,,,,,,,,,,,,,,,,,,,,,,,,,,,,,,,,,,,,,,,,,,,,,,,,,,,,,,,,,,,,,,,,,,,,,,,,,,,,,,,,,,,,,,,,,,,,,,,,,,,,,,,,,,,,,,,,,,,,,,,,,,,,,,,,,,,,,,,,,,,,,,,,,,,,,,Vision Operations,,,,,,,,,,,,,,,,,,,,,,,,,,,,,,,,,,,,,,,,,,,,,,END
,AR_Trans Source_04A-Dir,Invoice,30 Net,2014/03/17,2014/03/17,,1005,1033,,,,,1005,1033,,,,,,,,,,,LINE,Misc Office Supplies,USD,User,2014/03/17,1.00,5.00,1.00,,5.00,,LEGACY ORDER ENTRY,52519,SIEBEL,100000019653855,Order Line 23,,,,,,,,,,,,,VAT20,,,52519,2012/06/28,2012/06/28,,Ea,,,,,,,,,,,,,,,,US,,,,,,,,,,,,,,,,,,,,,,,,,,,,,,,,,,,,,,,,,,,,,,,,,,,,,,,,,,,,,,,,,,,,,,,,,,,,,,,,,,,,,,,,,,,,,,,,,,,,,,,,,,,,,,,,,,,,,,,,,,,,,,,,,,,,,,,,,,,,,,,,,,,,,,,,,,,,,,,,,,,,,,,,,,,,,,,,,,,,,,,,,,,,,,,,,,,,,,,,,,,,,,,,,,Vision Operations,,,,,,,,,,,,,,,,,,,,,,,,,,,,,,,,,,,,,,,,,,,,,,END
,AR_Trans Source_04A-Dir,Invoice,30 Net,2014/03/17,2014/03/17,,1005,1033,,,,,1005,1033,,,,,,,,,,,LINE,Misc Office Supplies,USD,User,2014/03/17,1.00,10.00,1.00,,10.00,,LEGACY ORDER ENTRY,52519,SIEBEL,100000019653855,Order Line 24,,,,,,,,,,,,,VAT20,,,52519,2012/06/28,2012/06/28,,Ea,,,,,,,,,,,,,,,,US,,,,,,,,,,,,,,,,,,,,,,,,,,,,,,,,,,,,,,,,,,,,,,,,,,,,,,,,,,,,,,,,,,,,,,,,,,,,,,,,,,,,,,,,,,,,,,,,,,,,,,,,,,,,,,,,,,,,,,,,,,,,,,,,,,,,,,,,,,,,,,,,,,,,,,,,,,,,,,,,,,,,,,,,,,,,,,,,,,,,,,,,,,,,,,,,,,,,,,,,,,,,,,,,,,Vision Operations,,,,,,,,,,,,,,,,,,,,,,,,,,,,,,,,,,,,,,,,,,,,,,END
,AR_Trans Source_04A-Dir,Invoice,30 Net,2014/03/17,2014/03/17,,1005,1033,,,,,1005,1033,,,,,,,,,,,LINE,Misc Office Supplies,USD,User,2014/03/17,1.00,11.00,1.00,,11.00,,LEGACY ORDER ENTRY,52519,SIEBEL,100000019653855,Order Line 25,,,,,,,,,,,,,VAT20,,,52519,2012/06/28,2012/06/28,,Ea,,,,,,,,,,,,,,,,US,,,,,,,,,,,,,,,,,,,,,,,,,,,,,,,,,,,,,,,,,,,,,,,,,,,,,,,,,,,,,,,,,,,,,,,,,,,,,,,,,,,,,,,,,,,,,,,,,,,,,,,,,,,,,,,,,,,,,,,,,,,,,,,,,,,,,,,,,,,,,,,,,,,,,,,,,,,,,,,,,,,,,,,,,,,,,,,,,,,,,,,,,,,,,,,,,,,,,,,,,,,,,,,,,,Vision Operations,,,,,,,,,,,,,,,,,,,,,,,,,,,,,,,,,,,,,,,,,,,,,,END
,AR_Trans Source_04A-Dir,Invoice,30 Net,2014/03/17,2014/03/17,,1005,1033,,,,,1005,1033,,,,,,,,,,,LINE,Misc Office Supplies,USD,User,2014/03/17,1.00,13.00,1.00,,13.00,,LEGACY ORDER ENTRY,52519,SIEBEL,100000019653855,Order Line 26,,,,,,,,,,,,,VAT20,,,52519,2012/06/28,2012/06/28,,Ea,,,,,,,,,,,,,,,,US,,,,,,,,,,,,,,,,,,,,,,,,,,,,,,,,,,,,,,,,,,,,,,,,,,,,,,,,,,,,,,,,,,,,,,,,,,,,,,,,,,,,,,,,,,,,,,,,,,,,,,,,,,,,,,,,,,,,,,,,,,,,,,,,,,,,,,,,,,,,,,,,,,,,,,,,,,,,,,,,,,,,,,,,,,,,,,,,,,,,,,,,,,,,,,,,,,,,,,,,,,,,,,,,,,Vision Operations,,,,,,,,,,,,,,,,,,,,,,,,,,,,,,,,,,,,,,,,,,,,,,END
,AR_Trans Source_04A-Dir,Invoice,30 Net,2014/03/17,2014/03/17,,1005,1033,,,,,1005,1033,,,,,,,,,,,LINE,Misc Office Supplies,USD,User,2014/03/17,1.00,15.00,1.00,,15.00,,LEGACY ORDER ENTRY,52519,SIEBEL,100000019653855,Order Line 27,,,,,,,,,,,,,VAT20,,,52519,2012/06/28,2012/06/28,,Ea,,,,,,,,,,,,,,,,US,,,,,,,,,,,,,,,,,,,,,,,,,,,,,,,,,,,,,,,,,,,,,,,,,,,,,,,,,,,,,,,,,,,,,,,,,,,,,,,,,,,,,,,,,,,,,,,,,,,,,,,,,,,,,,,,,,,,,,,,,,,,,,,,,,,,,,,,,,,,,,,,,,,,,,,,,,,,,,,,,,,,,,,,,,,,,,,,,,,,,,,,,,,,,,,,,,,,,,,,,,,,,,,,,,Vision Operations,,,,,,,,,,,,,,,,,,,,,,,,,,,,,,,,,,,,,,,,,,,,,,END
,AR_Trans Source_04A-Dir,Invoice,30 Net,2014/03/17,2014/03/17,,1005,1033,,,,,1005,1033,,,,,,,,,,,LINE,Misc Office Supplies,USD,User,2014/03/17,1.00,20.00,1.00,,20.00,,LEGACY ORDER ENTRY,52519,SIEBEL,100000019653855,Order Line 28,,,,,,,,,,,,,VAT20,,,52519,2012/06/28,2012/06/28,,Ea,,,,,,,,,,,,,,,,US,,,,,,,,,,,,,,,,,,,,,,,,,,,,,,,,,,,,,,,,,,,,,,,,,,,,,,,,,,,,,,,,,,,,,,,,,,,,,,,,,,,,,,,,,,,,,,,,,,,,,,,,,,,,,,,,,,,,,,,,,,,,,,,,,,,,,,,,,,,,,,,,,,,,,,,,,,,,,,,,,,,,,,,,,,,,,,,,,,,,,,,,,,,,,,,,,,,,,,,,,,,,,,,,,,Vision Operations,,,,,,,,,,,,,,,,,,,,,,,,,,,,,,,,,,,,,,,,,,,,,,END
,AR_Trans Source_04A-Dir,Invoice,30 Net,2014/03/17,2014/03/17,,1005,1033,,,,,1005,1033,,,,,,,,,,,LINE,Misc Office Supplies,USD,User,2014/03/17,1.00,35.00,1.00,,35.00,,LEGACY ORDER ENTRY,52519,SIEBEL,100000019653855,Order Line 29,,,,,,,,,,,,,VAT20,,,52519,2012/06/28,2012/06/28,,Ea,,,,,,,,,,,,,,,,US,,,,,,,,,,,,,,,,,,,,,,,,,,,,,,,,,,,,,,,,,,,,,,,,,,,,,,,,,,,,,,,,,,,,,,,,,,,,,,,,,,,,,,,,,,,,,,,,,,,,,,,,,,,,,,,,,,,,,,,,,,,,,,,,,,,,,,,,,,,,,,,,,,,,,,,,,,,,,,,,,,,,,,,,,,,,,,,,,,,,,,,,,,,,,,,,,,,,,,,,,,,,,,,,,,Vision Operations,,,,,,,,,,,,,,,,,,,,,,,,,,,,,,,,,,,,,,,,,,,,,,END
,AR_Trans Source_04A-Dir,Invoice,30 Net,2014/03/17,2014/03/17,,1005,1033,,,,,1005,1033,,,,,,,,,,,LINE,Misc Office Supplies,USD,User,2014/03/17,1.00,26.00,1.00,,26.00,,LEGACY ORDER ENTRY,52519,SIEBEL,100000019653855,Order Line 30,,,,,,,,,,,,,VAT20,,,52519,2012/06/28,2012/06/28,,Ea,,,,,,,,,,,,,,,,US,,,,,,,,,,,,,,,,,,,,,,,,,,,,,,,,,,,,,,,,,,,,,,,,,,,,,,,,,,,,,,,,,,,,,,,,,,,,,,,,,,,,,,,,,,,,,,,,,,,,,,,,,,,,,,,,,,,,,,,,,,,,,,,,,,,,,,,,,,,,,,,,,,,,,,,,,,,,,,,,,,,,,,,,,,,,,,,,,,,,,,,,,,,,,,,,,,,,,,,,,,,,,,,,,,Vision Operations,,,,,,,,,,,,,,,,,,,,,,,,,,,,,,,,,,,,,,,,,,,,,,END
,AR_Trans Source_02C-Dir,Invoice,30 Net,,,INV1001,1005,1033,,,,,1001,1024,,,,,,,,,,,LINE,Sentinal Desktop - bill in arrears,USD,User,2014/03/17,1.00,100.00,1.00,,100.00,,DOO,INV1001,Line1,3,4,5,6,7,8,9,10,11,12,13,14,15,,VAT20,,,,,,,Ea,,,,,,,,,,,,,,,,,,,,,,,,,,,,,,,,,,,,,,,,,,,,,,,,,,,,,,,,,,,,,,,,,,,,,,,,,,,,,,,,,,,,,,,,,,,,,,,,,,,,,AR_AutoRec_04,PRI,,,AS54650,,,,,,,,,,,,,,,,,,,,,,,,,,,,,,,,,,,,,,,,,,,,,,,,,,,,,,,,,,,,,,,,,,,,,,,,,,,,,,,,,,,,,,,,,,,,,,,,,,,,,,,,,,,,,,,,,,,,,,,,,Vision Operations,,,,,,,,,,,,,,,,,,,,,,,,,,,,,,,,,,,,,,,,,,,,,,END
,AR_Trans Source_02C-Dir,Invoice,30 Net,,,INV1002,1005,1033,,,,,1005,1033,,,,,,,,,,,LINE,Invoice Rule,USD,User,2014/03/17,1.00,100.00,1.00,,100.00,,DOO,INV1002,Line1,3,4,5,6,7,8,9,10,11,12,13,14,15,,VAT20,,,,,,,Ea,,Arrears Invoice,"3 Months, Deferred",,2014/03/24,2014/06/24,,,,,,,,,,,,,,,,,,,,,,,,,,,,,,,,,,,,,,,,,,,,,,,,,,,,,,,,,,,,,,,,,,,,,,,,,,,,,,,,,,,,,,,,,,,,,,,,,,,,,,,,,,,,,,,,,,,,,,,,,,,,,,,,,,,,,,,,,,,,,,,,,,,,,,,,,,,,,,,,,,,,,,,,,,,,,,,,,,,,,,,,,,,,,,,,,,,,,,,,,,,,,,,,,,,,,,,,,,,,Vision Operations,,,,,,,,,,,,,,,,,,,,,,,,,,,,,,,,,,,,,,,,,,,,,,END
,AR_Trans Source_02C-Dir,Invoice,IRR_30/60/90,,,INV1003,1005,1033,,,,,1005,1033,,,,,,,,,,,LINE,Memoline,USD,User,2014/03/17,1.00,1000.00,1.00,,1000.00,,DOO,INV1003,Line1,3,4,5,6,7,8,9,10,11,12,13,14,15,,,,,,,,,,,,,,,,,,,,,,,,,,,,,,,,,,,,,,,,,,,,,,,,,,,,,,,,,,,Fixed Bid Project,,,,,,,,,,,,,,,,,,,,,,,,,,,,,,,,,,,,,,,,,,,,,,,,,,,,,,,,,,,,,,,,,,,,,,,,,,,,,,,,,,,,,,,,,,,,,,,,,,,,,,,,,,,,,,,,,,,,,,,,,,,,,,,,,,,,,,,,,,,,,,,,,,,,,,,,,,,,,,,,,,,,,,,,,,,,,,,,Vision Operations,,,,,,,,,,,,,,,,,,,,,,,,,,,,,,,,,,,,,,,,,,,,,,END
,AR_Trans Source_02C-Dir,Invoice,IRR_30/60/90,2014/03/17,2014/03/17,INV1004,1005,1033,,,,,1005,1033,,,,,,,,,,,LINE,Misc Office Supplies,USD,User,2014/03/17,1.00,1000.00,1000.00,,1.00,,DOO,INV1004,Line1,3,4,5,6,7,8,9,10,11,12,13,14,15,,,,,,,,,,,,,,,,,,,,,,,,,,,,,,,,,,,,,,,,,,,,,,,,,,,,,,,,,,,,,,,,,,,,,,,,,,,,,,,,,,,,,,,,,,,,,,,,,,,,,,,,,,,,,,,,,,,,,,,,,,,,,,,,,,,,,,,,,,,,,,,,,,,,,,,,,,,,,,,,,,,,,,,,,,,,,,,,,,,,,,,,,,,,,,,,,,,,,,,,,,,,,,,,,,,,,,,,,,,,,,,,,,,,,,,,,,,Vision Operations,,,,,,,,,,,,,,,,,,,,,,,,,,,,,,,,,,,,,,,,,,,,,,END
,AR_Trans Source_02C-Dir,Invoice,IRR_30/60/90,2014/03/17,2014/03/17,INV1004,1005,1033,,,,,1005,1033,,,,,,,,,,,FREIGHT,Misc Office Supplies,USD,User,2014/03/17,1.00,1000.00,1000.00,,1.00,,DOO,INV1004,Line1Freight,3,4,5,6,7,8,9,10,11,12,13,14,15,,,,,,,,,,,,,,,,,,,,,,,,,,,,,,,,,,,,,,,,,,,,,,,,,"Duluth, Minnesota",Air Freight,M400897629870,,,,,,,,,,,DOO,INV1004,Line1,3,4,5,6,7,8,9,10,11,12,13,14,15,,,,,,,,,,,,,,,,,,,,,,,,,,,,,,,,,,,,,,,,,,,,,,,,,,,,,,,,,,,,,,,,,,,,,,,,,,,,,,,,,,,,,,,,,,,,,,,,,,,,,,,,,,,,,,,,,,,,,,,,,,,,,,,,,,,,,,,,,,,,,,,,,,,,,,,,,,,,,,Vision Operations,,,,,,,,,,,,,,,,,,,,,,,,,,,,,,,,,,,,,,,,,,,,,,END
,AR_Trans Source_02C-Dir,Invoice,IRR_30/60/90,2014/03/17,2014/03/17,INV1005,1005,1033,,,,,1005,1033,,,,,,,,,,,FREIGHT,Distribution Freight,USD,User,2014/03/17,1.00,1000.00,1000.00,,1.00,,DOO,INV1005,Freight,3,4,5,6,7,8,9,10,11,12,13,14,15,,,,,,,,,,,,,,,,,,,,,,,,,,,,,,,,,,,,,,,,,,,,,,,,,"Duluth, Minnesota",Parcel Post,M400897629568,,,,,,,,,,,,,,,,,,,,,,,,,,,,,,,,,,,,,,,,,,,,,,,,,,,,,,,,,,,,,,,,,,,,,,,,,,,,,,,,,,,,,,,,,,,,,,,,,,,,,,,,,,,,,,,,,,,,,,,,,,,,,,,,,,,,,,,,,,,,,,,,,,,,,,,,,,,,,,,,,,,,,,,,,,,,,,,,,,,,,,,,Vision Operations,,,,,,,,,,,,,,,,,,,,,,,,,,,,,,,,,,,,,,,,,,,,,,END
,AR_Trans Source_02C-Dir,Invoice,30 Net,,,INV1006,1005,1033,,,,,1005,1033,,,,,,,,,,,LINE,Misc Office Supplies,USD,User,2014/03/17,1.00,1000.00,1.00,,1000.00,,DOO,INV1006,Line1,3,4,5,6,7,8,9,10,11,12,13,14,15,,VAT20,,,,,,,,,,,,,,,,,,,,,,,,,,,,,,,,,,,,,,,,,,,,,,,,,,,,,,,,,,,,,,,,,,,,,,,,,,,,,,,,,,,,,,,,,,,,,,,,,,,,,,,,,,,,,,,,,,,,,,,,,,,,,,,,,,,,,,,,,,,,,,,,Y,,,,,,,,,,,,,,,,,,,,,,,,,,,,,,,,,,,,,,,,,,,,,,,,,,,,,,,,,,,,,,,,,,,,,,,,,,,,,,,,,,,,,,,,,Vision Operations,,,,,,,,,,,,,,,,,,,,,,,,,,,,,,,,,,,,,,,,,,,,,,END
,AR_Trans Source_02C-Dir,Invoice,30 Net,,,,1005,1033,,,,,1005,1033,,,,,,,,,,,TAX,Misc Office Supplies,USD,User,2014/03/17,1.00,100.00,1.00,,100.00,,DOO,INV1006,Line1Tax,3,4,5,6,7,8,9,10,11,12,13,14,15,,,,,,,,,,,,,,,,,,Sales Transaction,,Computers,GOODS,RRF5-IN-TB,1000,,,,,,FUSION_US SALES AND USE,FUSION_US STATE SALES,FUSION_US STATE SALES STD,FUSION_US STATE SALES STD,FUSION_US NY STATE SALES,,,,,,,,,,,,,,,4.00,,,,,,,,,,,,,,DOO,INV1006,Line1,3,4,5,6,7,8,9,10,11,12,13,14,15,,,,,,,,,,,,,,,,,,,,,,,,,,,,,,,,,,,,,,,,,,,,,,,,,,,,,,,,,,,,,,,,,,,,,,,,,,,,,,,,,,,,,,,,,,,,,,,,,,,,,,,,,,,,,,,,,,,,,,,,,,,,,,,,,,,,,,,,,,,,,,,,,,,,,,,,,,,,,,Vision Operations,,,,,,,,,,,,,,,,,,,,,,,,,,,,,,,,,,,,,,,,,,,,,,END
,AR_Trans Source_02C-Dir,Invoice,30 Net,,,INV1007,1005,1033,,,,,1005,1033,,,,,,,,,,,LINE,Sentinal Desktop - bill in arrears,USD,User,2014/03/17,1.00,100.00,1.00,,100.00,,DOO,INV1007,Line1,3,4,5,6,7,8,9,10,11,12,13,14,15,,VAT20,,,,,,,Ea,,,,,,,,,,,,,,,,,,,,,,,,,,,,,,,,,,,,,,,,,,,,,,,,,,,,,,,,,,,,,,,,,,,,,,,,,,,,,,,,,,,,,,,,,,,,,,,,,,,,,,,,,,,,,,,,,,,,,,,,,,,,,,,,,,,,,,,,,,,,,,,,,,,,,,,,,,,,,,,,,,,,,,,,,,,,,,,,,,,,,,,,,,,,,,,,,,,,,,,,,,,,,,,,,,,,,,,,,,,,,,,,,,Vision Operations,,,,,,,,,,,,,,,,,,,,,,,,,,,,,,,,,,,,,,,,,,,,,,END
,AR_Trans Source_02C-Dir,Invoice,30 Net,2014/03/17,2014/03/17,INV1008,1005,1033,,,,,1005,1033,,,,,,,,,,,LINE,Sentinal Desktop in Euro,EUR,Corporate,2014/03/17,1.35,100.00,1.00,,100.00,,DOO,INV1008,Line1,3,4,5,6,7,8,9,10,11,12,13,14,15,,,,,,,,,Ea,,,,,,,,,,,,,,,,,,,,,,,,,,,,,,,,,,,,,,,,,,,,,,,,,,,,,,,,,,,,,,,,,,,,,,,,,,,,,,,,,,,,,,,,,,,,,,,,,,,,,,,AR_Trans Source_02C-Dir,INV1001,,,,,,,,,,,,,,,,,,,,,,,,,,,,,,,,,Y,,,,,,,,,,,,,,,,,,,,,,,,,,,,,,,,,,,,,,,,,,,,,,,,,,,,,,,,,,,,,,,,,,,,,,,,,,,,,,,,,,,,,,,,,Vision Operations,,,,,,,,,,,,,,,,,,,,,,,,,,,,,,,,,,,,,,,,,,,,,,END
,AR_Trans Source_02C-Dir,Invoice,30 Net,2014/03/17,2014/03/17,INV1009,1005,1033,,,,,1005,1033,,,,,,,,,,,LINE,Sentinal Desktop in Euro,EUR,User,2014/03/17,1.35,100.00,1.00,,100.00,,DOO,INV1009,Line1,3,4,5,6,7,8,9,10,11,12,13,14,15,,VAT20,,,,,,,Ea,,,,,,,,,,,,,,,,,,,,,,,,,,,,,,,,,,,,,,,,,,,,,,,,,,,,,,,,,,,,,,,,,,,,,,,,,,,,,,,,,,,,,,,,,,,,,,,,,,,,,,,,,,,,,,,,,,,,,,,,,,,,,,,,,,,,,,,,,Y,,,,,,,,,,,,,,,,,,,,,,,,,,,,,,,,,,,,,,,,,,,,,,,,,,,,,,,,,,,,,,,,,,,,,,,,,,,,,,,,,,,,,,,,,Vision Operations,,,,,,,,,,,,,,,,,,,,,,,,,,,,,,,,,,,,,,,,,,,,,,END
,AR_Trans Source_02C-Dir,Invoice,30 Net,2014/03/17,2014/03/17,INV1010,1005,1033,,,,,1005,1033,,,,,,,,,,,LINE,Sentinal Desktop in Euro,EUR,User,2014/03/17,1.35,100.00,1.00,,100.00,,DOO,INV1010,Line1,3,4,5,6,7,8,9,10,11,12,13,14,15,,,,,,,,,Ea,,,,,,,,,,,,,,,,,,,,,,,,,,,,,,,,,,,,,,,,,,,,,,,,,,,,,,,,,,,,,,,,,,,,,,,,,,,,,,,,,,,,,,,,,,,,,,,,,,,,,,,,,,,,,,,,,,,,,,,,,,,,,,,,,,,,,,,,,Y,,,,,,,,,,,,,,,,,,,,,,,,,,,,,,,,,,,,,,,,,,,,,,,,,,,,,,,,,,,,,,,,,,,,,,,,,,,,,,,,,,,,,,,,,Vision Operations,,,,,,,,,,,,,,,,,,,,,,,,,,,,,,,,,,,,,,,,,,,,,,END
,AR_Trans Source_02C-Dir,Invoice,30 Net,2014/03/17,2014/03/17,INV1010,1005,1033,,,,,1005,1033,,,,,,,,,,,FREIGHT,Sentinal Desktop in Euro,EUR,User,2014/03/17,1.35,100.00,1.00,,100.00,,DOO,INV1010,Line1Freight,3,4,5,6,7,8,9,10,11,12,13,14,15,,,,,,,,,Ea,,,,,,,,,,,,,,,,,,,,,,,,,,,,,,,,,,,,,,,,,,,,,,,,,,,,,,,,,,,,,,,,,,,,,,,,,,,,,,,,,,,,,,,,,,,,,,,,,,,,,,,,,,,,,,,,,,,,,,,,,,,,,,,,,,,,,,,,,Y,,,,,,,,,,,,,,,,,,,,,,,,,,,,,,,,,,,,,,,,,,,,,,,,,,,,,,,,,,,,,,,,,,,,,,,,,,,,,,,,,,,,,,,,,Vision Operations,,,,,,,,,,,,,,,,,,,,,,,,,,,,,,,,,,,,,,,,,,,,,,END
,AR_Trans Source_02C-Dir,Invoice,30 Net,2014/03/17,2014/03/17,INV1011,1005,1033,,,,,1005,1033,,,,,,,,,,,LINE,Sentinal Desktop in Euro,EUR,User,2014/03/17,1.35,100.00,1.00,,100.00,,DOO,INV1011,Line1,3,4,5,6,7,8,9,10,11,12,13,14,15,,,,,,,,,Ea,,,,,,,,,,,,,,,,,,,,,,,,,,,,,,,,,,,,,,,,,,,,,,,,,,,,,,,,,,,,,,,,,,,,,,,,,,,,,,,,,,,,,,,,,,,,,,,,,,,,,,,,,,,,,,,,,,,,,,,,,,,,,,,,,,,,,,,,,Y,,,,,,,,,,,,,,,,,,,,,,,,,,,,,,,,,,,,,,,,,,,,,,,,,,,,,,,,,,,,,,,,,,,,,,,,,,,,,,,,,,,,,,,,,Vision Operations,,,,,,,,,,,,,,,,,,,,,,,,,,,,,,,,,,,,,,,,,,,,,,END
,AR_Trans Source_02C-Dir,Invoice,30 Net,2014/03/17,2014/03/17,INV1012,1005,1033,,,,,1005,1033,,,,,,,,,,,LINE,Sentinal Desktop,USD,User,2014/03/17,1.00,100.00,1.00,,100.00,,DOO,INV1012,Line1,3,4,5,6,7,8,9,10,11,12,13,14,15,,VAT20,,,,,,,,,,,,,,,,,,,,,,,,,,,,,,,,,,,,,,,,,,,,,,,,,,,,,,,,,,,,,,,,,,,,,,,,,,,,,,,,,,,,,,,,,,,,,,,,,,,,,,,,,,,,,,,,,,,,,,,,,,,,,,,,,,,,,,,,,,,,,,,,Y,,,,,,,,,,,,,,,,,,,,,,,,,,,,,,,,,,,,,,,,,,,,,,,,,,,,,,,,,,,,,,,,,,,,,,,,,,,,,,,,,,,,,,,,,Vision Operations,,,,,,,,,,,,,,,,,,,,,,,,,,,,,,,,,,,,,,,,,,,,,,END
,AR_Trans Source_02C-Dir,Invoice,30 Net,2014/03/17,2014/03/17,INV1012,1005,1033,,,,,1005,1033,,,,,,,,,,,LINE,Sentinal Desktop Monitor,USD,User,2014/03/17,1.00,150.00,1.00,,150.00,,DOO,INV1012,Line2,3,4,5,6,7,8,9,10,11,12,13,14,15,,VAT20,,,,,,,,,,,,,,,,,,,,,,,,,,,,,,,,,,,,,,,,,,,,,,,,,,,,,,,,,,,,,,,,,,,,,,,,,,,,,,,,,,,,,,,,,,,,,,,,,,,,,,,,,,,,,,,,,,,,,,,,,,,,,,,,,,,,,,,,,,,,,,,,Y,,,,,,,,,,,,,,,,,,,,,,,,,,,,,,,,,,,,,,,,,,,,,,,,,,,,,,,,,,,,,,,,,,,,,,,,,,,,,,,,,,,,,,,,,Vision Operations,,,,,,,,,,,,,,,,,,,,,,,,,,,,,,,,,,,,,,,,,,,,,,END
,AR_Trans Source_02C-Dir,Invoice,30 Net,2014/03/17,2014/03/17,INV1012,1005,1033,,,,,1005,1033,,,,,,,,,,,LINE,Sentinal Keyboard,USD,User,2014/03/17,1.00,200.00,1.00,,200.00,,DOO,INV1012,Line3,3,4,5,6,7,8,9,10,11,12,13,14,15,,VAT20,,,,,,,,,,,,,,,,,,,,,,,,,,,,,,,,,,,,,,,,,,,,,,,,,,,,,,,,,,,,,,,,,,,,,,,,,,,,,,,,,,,,,,,,,,,,,,,,,,,,,,,,,,,,,,,,,,,,,,,,,,,,,,,,,,,,,,,,,,,,,,,,Y,,,,,,,,,,,,,,,,,,,,,,,,,,,,,,,,,,,,,,,,,,,,,,,,,,,,,,,,,,,,,,,,,,,,,,,,,,,,,,,,,,,,,,,,,Vision Operations,,,,,,,,,,,,,,,,,,,,,,,,,,,,,,,,,,,,,,,,,,,,,,END
,AR_Trans Source_02C-Dir,Invoice,30 Net,2014/03/17,2014/03/17,INV1013,1005,1033,,,,,1005,1033,,,,,,,,,,,LINE,Sentinal Desktop,USD,User,2014/03/17,1.00,100.00,1.00,,100.00,,DOO,INV1013,Line1,3,4,5,6,7,8,9,10,11,12,13,14,15,,,,,,,,,,,,,,,,,,,,,,,,,,,,,,,,,,,,,,,,,,,,,,,,,,,,,,,,,,,,,,,,,,,,,,,,,,,,,,,,,,,,,,,,,,,,,,,,,,,,,,,,,,,,,,,,,,,,,,,,,,,,,,,,,,,,,,,,,,,,,,,,,,Y,,,,,,,,,,,,,,,,,,,,,,,,,,,,,,,,,,,,,,,,,,,,,,,,,,,,,,,,,,,,,,,,,,,,,,,,,,,,,,,,,,,,,,,,,Vision Operations,,,,,,,,,,,,,,,,,,,,,,,,,,,,,,,,,,,,,,,,,,,,,,END
,AR_Trans Source_02C-Dir,Invoice,30 Net,2014/03/17,2014/03/17,INV1013,1005,1033,,,,,1005,1033,,,,,,,,,,,FREIGHT,Freight Line1,USD,User,2014/03/17,1.00,10.00,1.00,,10.00,,DOO,INV1013,Line2,3,4,5,6,7,8,9,10,11,12,13,14,15,,,,,,,,,,,,,,,,,,,,,,,,,,,,,,,,,,,,,,,,,,,,,,,,,,,,,,,,,,,,,,,,,,,,,,,,,,,,,,,,,,,,,,,,,,,,,,,,,,,,,,,,,,,,,,,,,,,,,,,,,,,,,,,,,,,,,,,,,,,,,,,,,,Y,,,,,,,,,,,,,,,,,,,,,,,,,,,,,,,,,,,,,,,,,,,,,,,,,,,,,,,,,,,,,,,,,,,,,,,,,,,,,,,,,,,,,,,,,Vision Operations,,,,,,,,,,,,,,,,,,,,,,,,,,,,,,,,,,,,,,,,,,,,,,END
,AR_Trans Source_02C-Dir,Invoice,30 Net,,,INV1014,1005,1033,,,,,,,,,,,,,,,,,LINE,Sentinal Desktop,USD,User,2014/03/17,1.00,1000.00,1.00,,1000.00,,DOO,INV1014,Line1,3,4,5,6,7,8,9,10,11,12,13,14,15,,,,,,,,,,,Advance Invoice,IRR_Immediate,,2013/07/16,,,,,,,,,,,,,,,,,,,,,,,,,,,,,,,,,,,,,,,,,,,,,,,,,,,,,,,,,,,,,,,,,,,,,,,,,,,,,,,,,,,,,,,,,,,,,,,,,,,,,,,,,,,,,,,,,,,,,,,,,,,,,,,,,,,,Y,,,,,,,,,,,,,,,,,,,,,,,,,,,,,,,,,,,,,,,,,,,,,,,,,,,,,,,,,,,,,,,,,,,,,,,,,,,,,,,,,,,,,,,,,Vision Operations,,,,,,,,,,,,,,,,,,,,,,,,,,,,,,,,,,,,,,,,,,,,,,END
,AR_Trans Source_02C-Dir,Invoice,30 Net,,,INV1015,1005,1033,,,,,,,,,,,,,,,,,LINE,Sentinal Desktop,USD,User,2014/03/17,1.00,1000.00,1.00,,1000.00,,DOO,INV1015,Line1,3,4,5,6,7,8,9,10,11,12,13,14,15,,,,,,,,,,,Arrears Invoice,IRR_Immediate,,2013/03/13,,,,,,,,,,,,,,,,,,,,,,,,,,,,,,,,,,,,,,,,,,,,,,,,,,,,,,,,,,,,,,,,,,,,,,,,,,,,,,,,,,,,,,,,,,,,,,,,,,,,,,,,,,,,,,,,,,,,,,,,,,,,,,,,,,,,Y,,,,,,,,,,,,,,,,,,,,,,,,,,,,,,,,,,,,,,,,,,,,,,,,,,,,,,,,,,,,,,,,,,,,,,,,,,,,,,,,,,,,,,,,,Vision Operations,,,,,,,,,,,,,,,,,,,,,,,,,,,,,,,,,,,,,,,,,,,,,,END
,AR_Trans Source_02C-Dir,Invoice,30 Net,,,INV1016,1005,1033,,,,,,,,,,,,,,,,,LINE,Sentinal Desktop,USD,User,2014/03/17,1.00,1000.00,1.00,,1000.00,,DOO,INV1016,Line1,3,4,5,6,7,8,9,10,11,12,13,14,15,,,,,,,,,,,Arrears Invoice,IRR_Immediate,,2013/03/13,,,,,,,,,,,,,,,,,,,,,,,,,,,,,,,,,,,,,,,,,,,,,,,,,,,,,,,,,,,,,,,,,,,,,,,,,,,,,,,,,,,,,,,,,,,,,,,,,,,,,,,,,,,,,,,,,,,,,,,,,,,,,,,,,,,,Y,,,,,,,,,,,,,,,,,,,,,,,,,,,,,,,,,,,,,,,,,,,,,,,,,,,,,,,,,,,,,,,,,,,,,,,,,,,,,,,,,,,,,,,,,Vision Operations,,,,,,,,,,,,,,,,,,,,,,,,,,,,,,,,,,,,,,,,,,,,,,END
,AR_Trans Source_02C-Dir,Debit Memo,30 Net,,,DM1011,1005,1033,,,,,,,,,,,,,,,,,LINE,Misc Office Supplies,USD,User,2014/03/17,1.00,1000.00,1.00,,1000.00,,DOO,DM1011,Line1,3,4,5,6,7,8,9,10,11,12,13,14,15,,,,,,,,,,,,,,,,,,,,,,,,,,,,,,,,,,,,,,,,,,,,,,,,,,,,,,,,,,,,,,,,,,,,,,,,,,,,,,,,,,,,,,,,,,,,,,,,,,,,,,,,,,,,,,,,,,,,,,,,,,,,,,,,,,,,,,,,,,,,,,,,,,Y,,,,,,,,,,,,,,,,,,,,,,,,,,,,,,,,,,,,,,,,,,,,,,,,,,,,,,,,,,,,,,,,,,,,,,,,,,,,,,,,,,,,,,,,,Vision Operations,,,,,,,,,,,,,,,,,,,,,,,,,,,,,,,,,,,,,,,,,,,,,,END
,AR_Trans Source_02C-Dir,Debit Memo,30 Net,,,DM1012,1005,1033,,,,,1005,1033,,,,,,,,,,,CHARGES,Misc Office Supplies,USD,User,2014/03/17,1.00,1000.00,1.00,,1000.00,,DOO,DM1012,Line1,3,4,5,6,7,8,9,10,11,12,13,14,15,,,,,,,,,,,,,,,,,,,,,,,,,,,,,,,,,,,,,,,,,,,,,,,,,,,,,,,,,,,,,,,,,,,,,,,,,,,,,,,,,,,,,,,,,,,,,,,,,,,,,,,,,,,,,,,,,,,,,,,,,,,,,,,,,,,,,,,,,,,,,,,,,,Y,,,,,,,,,,,,,,,,,,,,,,,,,,,,,,,,,,,,,,,,,,,,,,,,,,,,,,,,,,,,,,,,,,,,,,,,,,,,,,,,,,,,,,,,,Vision Operations,,,,,,,,,,,,,,,,,,,,,,,,,,,,,,,,,,,,,,,,,,,,,,END
,AR_Trans Source_02C-Dir,Credit Memo,,2014/03/17,2014/03/17,CM1001,1005,1033,,,,,1005,1033,,,,,,,,,,,LINE,CMLine1,USD,User,2014/03/17,1.00,-10.00,-1.00,,10.00,,DOO,CM1001,Line1,3,4,5,6,7,8,9,10,11,12,13,14,15,,VAT20,,,,,,,Ea,,,,,,,,,,,,,,,,,,,,,,,,,,,,,,,,,,,,PRORATE,LIFO,CANCELLATION,,,,,,,,,,,,,,,,,,,,,,,,,,,,,,,DOO,INV1003,Line1,3,4,5,6,7,8,9,10,11,12,13,14,15,,,,,,,,,,,,,,,,,,,,,,,,,,,,,,,,,,,,,,,,,,,,,,,,,,,,,Y,,,,,,,,,,,,,,,,,,,,,,,,,,,,,,,,,,,,,,,,,,,,,,,,,,,,,,,,,,,,,,,,,,,,,,,,,,,,,,,,,,,,,,,,,Vision Operations,,,,,,,,,,,,,,,,,,,,,,,,,,,,,,,,,,,,,,,,,,,,,,END
,AR_Trans Source_02C-Dir,Credit Memo,,2014/03/17,2014/03/17,CM1002,1005,1033,,,,,1005,1033,,,,,,,,,,,CHARGES,CMLine1,USD,User,2014/03/17,1.00,-100.00,-1.00,,100.00,,DOO,CM1002,Line1Charege,3,4,5,6,7,8,9,10,11,12,13,14,15,,,,,,,,,,,,,,,,,,,,,,,,,,,,,,,,,,,,,,,,,,,,,,,CANCELLATION,,,,,,,,,,,,,,,,,,,,,,,,,,,,,,,,,,,,,,,,,,,,,,,,,,,,,,,,,,,,,,,,,,,,,,,,,,,,,,,,,,,,,,,,,,,,,,,,,,,Y,,,,,,,,,,,,,,,,,,,,,,,,,,,,,,,,,,,,,,,,,,,,,,,,,,,,,,,,,,,,,,,,,,,,,,,,,,,,,,,,,,,,,,,,,Vision Operations,,,,,,,,,,,,,,,,,,,,,,,,,,,,,,,,,,,,,,,,,,,,,,END
,AR_Trans Source_02C-Dir,Credit Memo,,,,CM1003,1005,1033,,,,,1005,1033,,,,,,,,,,,CHARGES,CMLine1,USD,User,2014/03/17,1.00,-100.00,-1.00,,100.00,,DOO,CM1003,Line1Charege,3,4,5,6,7,8,9,10,11,12,13,14,15,,,,,,,,,,,,,,,,,,,,,,,,,,,,,,,,,,,,,,,,,,,,,,,CANCELLATION,,,,,,,,,,,,,,,,,,,,,,,,,,,,,,,,,,,,,,,,,,,,,,,,,,,,,,,,,,,,,,,,,,,,,,,,,,,,,,,,,,,,,,,,,,,,,,,,,,,Y,,,,,,,,,,,,,,,,,,,,,,,,,,,,,,,,,,,,,,,,,,,,,,,,,,,,,,,,,,,,,,,,,,,,,,,,,,,,,,,,,,,,,,,,,Vision Operations,,,,,,,,,,,,,,,,,,,,,,,,,,,,,,,,,,,,,,,,,,,,,,END
,AR_Trans Source_02C-Dir,Credit Memo,,2014/03/17,2014/03/17,CM1004,1005,1033,,,,,1005,1033,,,,,,,,,,,LINE,CMLine1,USD,User,2014/03/17,1.00,-10.00,-1.00,,10.00,,DOO,CM1004,Line1,3,4,5,6,7,8,9,10,11,12,13,14,15,,VAT20,,,,,,,Ea,,,,,,,,,,,,,,,,,,,,,,,,,,,,,,,,,,,,,FIFO,CANCELLATION,,,,,,,,,,,,,,,,,,,,,,,,,,,,,,,DOO,INV1004,Line1,3,4,5,6,7,8,9,10,11,12,13,14,15,,,,,,,,,,,,,,,,,,,,,,,,,,,,,,,,,,,,,,,,,,,,,,,,,,,,,Y,,,,,,,,,,,,,,,,,,,,,,,,,,,,,,,,,,,,,,,,,,,,,,,,,,,,,,,,,,,,,,,,,,,,,,,,,,,,,,,,,,,,,,,,,Vision Operations,,,,,,,,,,,,,,,,,,,,,,,,,,,,,,,,,,,,,,,,,,,,,,END
,AR_Trans Source_02C-Dir,Credit Memo,,2014/03/17,2014/03/17,CM1005,1005,1033,,,,,1005,1033,,,,,,,,,,,LINE,CMLine1,USD,User,2014/03/17,1.00,-10.00,-1.00,,10.00,,DOO,CM1005,Line1,3,4,5,6,7,8,9,10,11,12,13,14,15,,VAT20,,,,,,,Ea,,,,,,,,,,,,,,,,,,,,,,,,,,,,,,,,,,,,,,CANCELLATION,,,,,,,,,,,,,,,,,,,,,,,,,,,,,,,,,,,,,,,,,,,,,,,,,,,,,,,,,,,,,,,,,,,,,,,,,,,,,,,,,,,,,,,,,,,,,,,,,,,Y,,,,,,,,,,,,,,,,,,,,,,,,,,,,,,,,,,,,,,,,,,,,,,,,,,,,,,,,,,,,,,,,,,,,,,,,,,,,,,,,,,,,,,,,,Vision Operations,,,,,,,,,,,,,,,,,,,,,,,,,,,,,,,,,,,,,,,,,,,,,,END
,AR_Trans Source_02C-Dir,Credit Memo,,,,CM1006,1001,1024,,,,,1005,1033,,,,,,,,,,,LINE,CMLine1,USD,User,2014/03/18,1.00,-100.00,1.00,,-100.00,,DOO,CM1006,Line1,3,4,5,6,7,8,9,10,11,12,13,14,15,,,,,,,,,,,,,,,,,,,,,,,,,,,,,,,,,,,,,,,,,,,,,,,CANCELLATION,,,,,,,,,,,,,,,,,,,,,,,,,,,,,,,,,,,,,,,,,,,,,,,,,,,,,,,,,,,,,,,,,,,,,,,,,,,,,,,,,,,,,,,,,,,,,,,,,,,Y,,,,,,,,,,,,,,,,,,,,,,,,,,,,,,,,,,,,,,,,,,,,,,,,,,,,,,,,,,,,,,,,,,,,,,,,,,,,,,,,,,,,,,,,,Vision Operations,,,,,,,,,,,,,,,,,,,,,,,,,,,,,,,,,,,,,,,,,,,,,,END
,AR_Trans Source_02C-Dir,Credit Memo,,,,CM1007,1001,1024,,,,,,,,,,,,,,,,,LINE,Sentinal Desktop,USD,User,2014/03/17,1.00,-1000.00,1.00,,-1000.00,,DOO,CM1007,Line1,3,4,5,6,7,8,9,10,11,12,13,14,15,,,,,,,,,,,,,,,,,,,,,,,,,,,,,,,,,,,,,,,,,,,,,,,CANCELLATION,,,,,,,,,,,,,,,,,,,,,,,,,,,,,,,,,,,,,,,,,,,,,,,,,,,,,,,,,,,,,,,,,,,,,,,,,,,,,,,,,,,,,,,,,,,,,,,,,,,Y,,,,,,,,,,,,,,,,,,,,,,,,,,,,,,,,,,,,,,,,,,,,,,,,,,,,,,,,,,,,,,,,,,,,,,,,,,,,,,,,,,,,,,,,,Vision Operations,,,,,,,,,,,,,,,,,,,,,,,,,,,,,,,,,,,,,,,,,,,,,,END
,AR_Trans Source_02C-Dir,Credit Memo,,,,CM1007,1001,1024,,,,,,,,,,,,,,,,,FREIGHT,Sentinal Desktop,USD,User,2014/03/17,1.00,-200.00,1.00,,-200.00,,DOO,CM1007,Line2,3,4,5,6,7,8,9,10,11,12,13,14,15,,,,,,,,,,,,,,,,,,,,,,,,,,,,,,,,,,,,,,,,,,,,,,,CANCELLATION,,,,,,,,,,,,,,,,,,,,,,,,,,,,,,,,,,,,,,,,,,,,,,,,,,,,,,,,,,,,,,,,,,,,,,,,,,,,,,,,,,,,,,,,,,,,,,,,,,,Y,,,,,,,,,,,,,,,,,,,,,,,,,,,,,,,,,,,,,,,,,,,,,,,,,,,,,,,,,,,,,,,,,,,,,,,,,,,,,,,,,,,,,,,,,Vision Operations,,,,,,,,,,,,,,,,,,,,,,,,,,,,,,,,,,,,,,,,,,,,,,END
